{"cameraMode":{"drawMode":0,"name":"Shaded","section":"Shading Mode"},"sceneLighting":true,"audioPlay":false,"sceneViewState":{"showFog":true,"showMaterialUpdate":false,"showSkybox":true,"showFlares":true,"showImageEffects":true,"showParticleSystems":true},"in2DMode":false,"pivot":{"x":6.183770179748535,"y":-0.7242147326469421,"z":19.46089744567871},"rotation":{"x":0.3049565553665161,"y":0.005714143626391888,"z":-0.0018297696951776744,"w":0.9523473978042603},"size":38.56367111206055,"orthographic":true}